gene_name	uniprot_id	top_aa_pos	min_p	neglog10_min_p	fdr	fwer	n_tested
CDK13	Q14004	842	8.481533855602783e-14	13.071525600009123	0.0	0.0	1512
DEAF1	O75398	223	2.100893207002812e-11	10.677596023171464	0.0	0.0	565
KDM6B	O15054	1514	1.1119383277368453e-08	7.953919299684113	4.25531914893617e-05	0.001	1643
CACNA1D	Q01668	747	2.672252229655109e-08	7.573122551893544	4.25531914893617e-05	0.001	2161
KMT2A	Q03164	1187	3.549589911574984e-07	6.4498218186146765	0.0001267605633802	0.006	3969
GRIN2B	Q13224	534	8.264850307713976e-07	6.0827650079270805	0.0003176470588235	0.017	1484
KMT2C	Q8NEZ4	4427	1.788155614838433e-06	5.747594689273408	0.0006666666666666	0.041	4911
KCNQ3	O43525	208	2.58712800333222e-06	5.587182083163787	0.00108	0.062	872
DNAH7	Q8WXX0	1316	3.16475664286914e-06	5.499659679871738	0.0013059701492537	0.075	4024
SETD1B	Q9UPS6	1943	4.888100895988894e-06	5.310859838338541	0.002027027027027	0.118	1966
KCNH1	O95259	503	6.227220604627537e-06	5.205705748751802	0.0025668789808917	0.157	989
GABBR2	O75899	735	6.436538944278882e-06	5.191347598704935	0.0025828220858895	0.161	941
CHD2	O14647	702	7.312922489663442e-06	5.135909029678426	0.0029537572254335	0.182	1828
SATB2	Q9UPW6	383	7.321563049117229e-06	5.135396193375785	0.0029537572254335	0.182	733
PPP3CA	Q08209	150	1.3280073250088242e-05	4.8767995294844635	0.0057219251336898	0.326	521
ALG13	Q9NP73	115	1.376471964707259e-05	4.861232629673432	0.0059365079365079	0.333	1137
CHD8	Q9HCK8	994	1.8560633335154183e-05	4.731407208652187	0.0067391304347826	0.41	2581
GRIN2A	Q12879	732	1.920217601172566e-05	4.716649553778894	0.0069017094017094	0.422	1464
CRYBG3	Q68DQ2	2813	1.9722421011703847e-05	4.705039774613516	0.0071489361702127	0.435	2970
DNMT3A	Q9Y6K1	662	2.127361401152065e-05	4.672158724862932	0.0075632653061224	0.464	912
CACNA1A	O00555	1805	2.748389669281137e-05	4.560921692565501	0.0102107279693486	0.569	2506
CHD7	Q9P2D1	1003	2.90273546069721e-05	4.53719254156909	0.0105992366412213	0.596	2997
TCF4	P15884	587	3.565214911154845e-05	4.447914285751671	0.0119246575342465	0.679	667
TSNAXIP1	Q2TAA8	186	4.083966348117292e-05	4.388917845156914	0.012675	0.732	658
CTC1	Q2NKJ3	17	4.351318784308475e-05	4.361379098459852	0.0130486322188449	0.759	1217
HMCN1	Q96RW7	3886	4.610661517113647e-05	4.3362367595081	0.0140422960725075	0.775	5635
SCN1A	P35498	416	5.113705552726842e-05	4.2912642822751605	0.0142151589242053	0.807	2009
PXDN	Q92626	667	5.352040426148064e-05	4.2714806148241795	0.0142151589242053	0.826	1479
ARID1B	Q8NFD5	1174	6.370817521698324e-05	4.195804834166811	0.0167087378640776	0.876	2319
RELN	P78509	3156	6.855027591486055e-05	4.163990792835661	0.0180195227765726	0.908	3460
NOTCH3	Q9UM47	1847	7.042570523304261e-05	4.152268795356951	0.0180195227765726	0.908	2321
TM9SF4	Q92544	558	7.073293005784454e-05	4.150378351226236	0.0180195227765726	0.908	642
MFHAS1	Q9Y4C4	127	7.409566488098369e-05	4.130207200567801	0.0180195227765726	0.915	1052
TNXB	P22105	2176	9.431422263518427e-05	4.025422810484072	0.0216849315068493	0.955	4244
AHNAK2	Q8IVF2	3328	9.900602921432191e-05	4.004338357172349	0.02247265625	0.957	5795
TRANK1	O15050	253	9.905123071154156e-05	4.004140123982973	0.0225341130604288	0.958	2925
ADCY5	O95622	510	0.0001130357328558	3.946784245640731	0.0258582230623818	0.973	1261
TSC2	P49815	1605	0.0001159348618691	3.9357859510874196	0.0262141527001862	0.975	1807
RYR2	Q92736	2429	0.000117360296109	3.930478803405209	0.0265055555555555	0.975	4967
KIF1A	Q12756	250	0.0001236858379715	3.9076800242426035	0.0271084990958408	0.982	1690
TAOK1	Q7L7X3	207	0.0001251547210886	3.9025527632826416	0.0272262118491921	0.983	1001
ITGB4	P16144	1284	0.0001278570923014	3.893275176421911	0.0276797853309481	0.986	1822
CACNA1C	Q13936	705	0.000143930076152	3.8418484448262604	0.0295516666666666	0.993	2186
SBNO2	Q9Y2G9	311	0.0001494688517589	3.8254493017786886	0.0307138103161397	0.994	1366
LZTR1	Q8N653	194	0.0001736571277111	3.7603073864846848	0.0346928895612708	0.996	840
SHANK3	A0A8I5KZC4	1754	0.0001786217168194	3.7480657407360147	0.0346928895612708	0.996	1792
CAPN5	O15484	13	0.0001823686034212	3.7390499277103877	0.0346928895612708	0.996	640
WFS1	O76024	861	0.0001850499469633	3.732711035040901	0.0346928895612708	0.996	890
MECP2	P51608	109	0.0001935171746492	3.7132804852994385	0.0353273809523809	0.996	486
TENM3	Q9P273	1113	0.000207690832986	3.6825826718397434	0.0378475073313783	0.998	2699
FGFR3	P22607	344	0.0002258691930554	3.646142999705676	0.0409814285714285	1.0	806
FBXW11	Q9UKB1	446	0.0002278423331054	3.642365580845147	0.0409814285714285	1.0	542
ZZEF1	O43149	115	0.000235602259024	3.627820549721293	0.0424092827004219	1.0	2961
PACS2	Q86VP3	206	0.0002578632956157	3.5886104711462785	0.0425603112840466	1.0	889
KIF1B	O60333	103	0.0002611082927993	3.5831793347654015	0.0428910012674271	1.0	1816
EML6	Q6ZMW3	976	0.0002677749958753	3.572229978707004	0.0438922716627634	1.0	1958
MYO7B	Q6PIF6	1400	0.0002743635366422	3.5616736075693005	0.0438922716627634	1.0	2116
SMARCA2	P51531	1133	0.0002787106973639	3.5548463620475323	0.0438922716627634	1.0	1590
CERT1	Q9Y5P4	173	0.0002864782276546	3.542908378823186	0.0438922716627634	1.0	624
EP300	Q09472	1594	0.0002885794675708	3.5397345721958184	0.0438922716627634	1.0	2414
SCN2A	Q99250	262	0.0003049658012376	3.5157488595598863	0.0453934807916181	1.0	2005
CHD5	Q8TDI0	785	0.0003229154653442	3.490911154881235	0.0474919540229885	1.0	1954
PRKDC	P78527	345	0.0003341551040841	3.476051900817019	0.0482463605823068	1.0	4128
DNAH17	Q9UFH2	1029	0.0003342086416805	3.475982324683101	0.0482463605823068	1.0	4462
OBSCN	Q5VST9	3321	0.0003464171881747	3.4604005677394643	0.0484407158836689	1.0	7968
MTOR	P42345	2410	0.0003699564228293	3.431849428471749	0.0495344467640918	1.0	2549
TRIO	O75962	852	0.0004131645826122	3.383876914246651	0.0529989909182643	1.0	3097
ZNF521	Q96K83	966	0.0004259980525803	3.370592386238978	0.0543830845771144	1.0	1311
CPT1B	Q92523	344	0.0004370629370629	3.3594560201210233	0.0556431411530815	1.0	772
ARID1A	O14497	1070	0.0004403992953611	3.356153384570928	0.0558709677419354	1.0	2285
SYNE2	Q8WXH0	5067	0.000440881763527	3.355677864801237	0.0558709677419354	1.0	6885
FLG	P20930	2893	0.0004555116914667	3.341500471656272	0.0570422264875239	1.0	4061
SPTBN1	Q01082	267	0.0004671247594065	3.330567112826451	0.0581012416427889	1.0	2364
ATP6V1A	P38606	357	0.0004767201652629	3.3217364770279056	0.0584923809523809	1.0	617
DHDDS	Q86SQ9	230	0.0004797135231917	3.3190180385389993	0.058858633776091	1.0	333
ABCA7	Q8IZY2	889	0.000514497425845	3.288616793776395	0.0624037940379403	1.0	2146
SMAD4	Q13485	495	0.000515995872033	3.2873537727147664	0.0624037940379403	1.0	552
NSD2	O96028	1054	0.0005183265457238	3.285396548509218	0.0626102150537634	1.0	1365
ADCY7	P51828	425	0.0005183265457238	3.285396548509218	0.0626102150537634	1.0	1080
STXBP1	P61764	550	0.0005311206646023	3.274806800919106	0.0633451957295373	1.0	594
CEP350	Q5VT06	491	0.0005899705014749	3.2291697025391204	0.072927700348432	1.0	3117
USP24	Q9UPU5	1730	0.0006149884279312	3.2111330561480096	0.0744190476190476	1.0	2620
BSN	Q9UPA5	2578	0.0006221192905626	3.206126331923686	0.0751718213058419	1.0	3926
GNB2	P62879	77	0.0006240898689411	3.2047528674090033	0.0751718213058419	1.0	340
GRIA1	P42261	640	0.0006481721545242	3.1883096301940324	0.0787459915611814	1.0	906
TLK2	Q86UE8	640	0.0006525769373377	3.1853682786387965	0.079004215851602	1.0	772
PPIG	Q13427	75	0.0006645211275999	3.177491206663781	0.0803102585487906	1.0	754
PPP2R5D	Q14738	201	0.0006688963210702	3.1746411926604705	0.0842150537634408	1.0	602
MUC4	Q99102	1030	0.0006697504828424	3.174086964624249	0.0842150537634408	1.0	5412
MYCBP2	O75592	1343	0.0006815717880009	3.1664883944284257	0.084916049382716	1.0	4678
PTK2	Q05397	533	0.0007090527638472	3.149321445783005	0.0872186732186732	1.0	1052
MARK2	Q7KZI7	191	0.0007202325888727	3.142527231690947	0.087561053471668	1.0	788
CHD3	Q12873	1206	0.0007396870554765	3.130951981385042	0.087561053471668	1.0	2000
PPP2R1A	P30153	223	0.0007974481658692	3.098297536494708	0.0914411764705882	1.0	589
CNTN6	Q9UQ52	108	0.0007982519626674	3.097860004984479	0.0914411764705882	1.0	1028
PREP	P48147	45	0.0008063215610385	3.0934917270109548	0.0917115235885537	1.0	710
ANK1	P16157	587	0.0008093503773001	3.091863426489289	0.0919907621247113	1.0	1881
FADS3	Q9Y5Q0	223	0.0008252284114353	3.083425828302903	0.094456923076923	1.0	445
FSIP2	Q5CZC0	1604	0.0008256589393458	3.0831993126657387	0.0952136817832436	1.0	6907
COL12A1	Q99715	903	0.0008638420403126	3.0635656641094307	0.0986057401812688	1.0	3063
SCN8A	Q9UQD0	1466	0.000887343258432	3.0519083458896348	0.1002627683197631	1.0	1980
KDM5B	Q9UGL1	549	0.0009089555726926	3.0414573434072674	0.1033118994826312	1.0	1544
LCT	P09848	1093	0.0009471308800296	3.0235900035234504	0.1086972343522561	1.0	1927
PDZD2	O15018	1387	0.0009754738015607	3.0107843900218048	0.110979015918958	1.0	2839
FBN1	P35555	2147	0.0009837130174821	3.007131581550651	0.1117840172786177	1.0	2871
POLG	P54098	1073	0.0009964764027798	3.001532981222261	0.1126566738044254	1.0	1239
MYH14	Q7Z406	631	0.0010313370557577	2.986599377846187	0.1169723796033994	1.0	1995
ALMS1	Q8TCU4	2498	0.0010718555468524	2.969863740232889	0.1185923875432526	1.0	4168
MAST4	O15021	1247	0.0010821730033908	2.9657033044679793	0.1185923875432526	1.0	2623
DNAH5	Q8TE73	1020	0.0010931133856702	2.9613347875316354	0.1189855570839064	1.0	4624
LAMA5	O15230	2320	0.0011520134052468	2.9385424672749236	0.1241898734177215	1.0	3695
WDFY3	Q8IZQ1	2373	0.0011652475878497	2.933581787416745	0.1244116129032258	1.0	3526
MUC12	Q9UKN1	4544	0.0011659541391371	2.9333185314907193	0.1244116129032258	1.0	5478
PLXNA2	O75051	1439	0.0011794854164297	2.92830742451409	0.1244116129032258	1.0	1894
FBXO11	Q86XK2	664	0.0011883541295306	2.9250541203118425	0.1244116129032258	1.0	927
MMEL1	Q495T6	257	0.0011950016773478	2.9226314851238917	0.1244116129032258	1.0	779
SNRNP200	O75643	504	0.0012149438088488	2.9154438077209943	0.125280870121561	1.0	2136
WNK2	Q9Y3S1	1029	0.0012248897599216	2.9119029960440352	0.1275392971246006	1.0	2297
URB1	O60287	574	0.001234931598811	2.908357096721415	0.1286104392106938	1.0	2271
FAT3	Q8TDW7	3878	0.0012483795073702	2.903653369059163	0.1305606826801517	1.0	4557
MICAL2	O94851	97	0.0012666777072293	2.897333872707169	0.1319861286254729	1.0	1957
LAMA3	Q16787	1439	0.0012891344383057	2.8897017895745933	0.1321844540407156	1.0	3333
USF3	Q68DE3	1278	0.0012899896800825	2.889413764042729	0.1321844540407156	1.0	2245
POLR3B	Q9NW08	368	0.0013095709155994	2.882870978781632	0.132605199516324	1.0	1133
KMT5B	Q4FZB7	269	0.0013175230566534	2.8802417758955103	0.132605199516324	1.0	885
SKI	P12755	621	0.0013175230566534	2.8802417758955103	0.132605199516324	1.0	728
ATP13A1	Q9HD20	239	0.0013326339034001	2.8752891420867304	0.132605199516324	1.0	1204
ADCY9	O60503	1132	0.0013424300953917	2.872108320135729	0.132605199516324	1.0	1353
CACNA1H	O95180	223	0.0013761788201037	2.861325130389403	0.1357989163154726	1.0	2353
RANBP2	P49792	2089	0.0014070351758793	2.8516950450675176	0.1396020226055919	1.0	3224
FRAS1	Q86XX4	1521	0.0014080901177675	2.851369549457603	0.1401165787932044	1.0	4012
CHD4	Q14839	919	0.0014084507042253	2.8512583487190915	0.1401165787932044	1.0	1912
CCDC168	Q8NDH2	256	0.0014157589428248	2.8490106864154034	0.1402652705061082	1.0	7081
DOP1A	Q5JWR5	59	0.0014170996693434	2.848599603299753	0.1402652705061082	1.0	2465
SLC6A1	P30531	324	0.0014175187474288	2.8484711886248	0.1402652705061082	1.0	599
SRRM2	Q9UQ35	2611	0.0014521132648346	2.8379995073451614	0.1426400924321201	1.0	2752
HMCN2	Q8NDA2	2245	0.0014999134665307	2.8239337956724944	0.1477477272727272	1.0	5079
ADGRV1	Q8WXG9	2300	0.0016152523148301	2.791759627896697	0.14911051212938	1.0	6306
ANK3	Q12955	241	0.0016638042078145	2.778897781692355	0.1518244876510772	1.0	4377
GABRB3	P28472	166	0.0017094017094017	2.7671558660821827	0.1560124869927159	1.0	473
DYNC1H1	Q14204	2220	0.0017710562724778	2.751767639578793	0.1641857727737973	1.0	4646
ATP2B2	Q01814	453	0.0018148820326678	2.7411515988518036	0.164766129032258	1.0	1243
TPR	P12270	1738	0.0018168604651162	2.7406784252274736	0.164766129032258	1.0	2363
KANK1	Q14678	504	0.0018299058905542	2.7375712448400416	0.1656785894206549	1.0	1352
DYSF	O75923	738	0.0018390804597701	2.735399269962697	0.1667211877201811	1.0	2080
USP34	Q70CQ2	2341	0.0018679950186799	2.7286242862230115	0.1706145	1.0	3546
PDCD11	Q14690	1810	0.0018747656542932	2.7270530113538602	0.1711404297851074	1.0	1871
HEATR5B	Q9P2D3	936	0.0018791946308724	2.726028237070074	0.1720454318522216	1.0	2071
MUC5B	Q9HC84	921	0.0018945874374437	2.722485346724151	0.1728164588528678	1.0	5762
PTPRS	Q13332	208	0.0019045891529113	2.720198693409331	0.1743746898263027	1.0	1948
AATK	Q6ZMQ8	536	0.0019047619047619	2.720159303405958	0.1743746898263027	1.0	1374
WDR81	Q562E7	1519	0.0019263845889232	2.7152570047642475	0.1762010869565217	1.0	1941
CAD	P27708	631	0.001999200319872	2.699143687394495	0.1846391950167704	1.0	2225
ANKRD12	Q6UB98	2048	0.001999200319872	2.699143687394495	0.1846391950167704	1.0	2062
DNAH3	Q8TD57	3011	0.002012632650462	2.6962354861326947	0.1846391950167704	1.0	4116
DIDO1	Q9BTC0	373	0.0020480145636591	2.6886669593689145	0.1850520340586565	1.0	2240
MAST3	O60307	512	0.0020555275198423	2.68707670441725	0.1854260746339159	1.0	1309
DNM1	Q05193	538	0.0021493703864524	2.667688739030673	0.1892995433789954	1.0	864
MED12	Q93074	1003	0.0021584952204748	2.66584890865873	0.1892995433789954	1.0	2177
SZT2	Q5T011	811	0.0022021140294682	2.6571601962241163	0.1901984489051095	1.0	3432
MAN2A2	P49641	1054	0.0022203883229994	2.6535710652846287	0.1906254545454545	1.0	1150
SPEG	Q15772	2629	0.002248579194465	2.64809181207048	0.1907959641255605	1.0	3267
CASKIN1	Q8WXD9	294	0.0022488755622188	2.648034574860885	0.1907959641255605	1.0	1431
PPP1R10	Q96QC0	452	0.0022577003709079	2.6463336956687162	0.1907959641255605	1.0	940
FOXP1	Q9H334	469	0.0022942157953281	2.639365734511274	0.1917459821428571	1.0	677
GABRA1	P14867	317	0.0022942157953281	2.639365734511274	0.1917459821428571	1.0	456
ANKRD11	Q6UB99	1719	0.0023012552301255	2.6380352114538983	0.1917551202137132	1.0	2663
MYH7	P12883	823	0.0023288309268747	2.6328620401002314	0.1944683207797962	1.0	1935
FLG2	Q5D862	814	0.002356637863315	2.6277071489339936	0.1962935258092738	1.0	2391
BLK	P51451	332	0.0023619832749612	2.6267231819205468	0.1962935258092738	1.0	505
TMPRSS9	Q7Z410	242	0.002373921953181	2.6245335633342495	0.1965681818181818	1.0	1059
NFRKB	Q6P4R8	990	0.0024570024570024	2.60959440922523	0.2039549978364344	1.0	1299
SYNM	O15061	1467	0.0025055928411633	2.601089500461757	0.207766823831976	1.0	1565
CSMD3	Q7Z407	1442	0.0025330013895321	2.596364571967858	0.2079073068893528	1.0	3707
SDK2	Q58EX2	1181	0.0026439482961222	2.577747041973227	0.2147505154639175	1.0	2172
MYO3A	Q8NEV4	1419	0.0026450361488273	2.5775683882303286	0.2147505154639175	1.0	1616
PKHD1	P08F94	1646	0.0026993784541712	2.568736222877366	0.2195651459103987	1.0	4074
ITPR3	Q14573	2000	0.0027000114779032	2.5686343896264097	0.2197486652977412	1.0	2671
ZFHX3	Q15911	1556	0.0027075114102266	2.567429704457764	0.2205701394585726	1.0	3703
PLEC	Q15149	2898	0.0027402265253927	2.562213534018434	0.2230503891847603	1.0	4684
TONSL	Q96HA7	235	0.0027472527472527	2.5611013836490635	0.2236948687818253	1.0	1378
TRRAP	Q9Y4A5	1898	0.0027691366057872	2.557655619308162	0.2236948687818253	1.0	3859
GAK	O14976	293	0.0028005974607916	2.5527493092842954	0.2236948687818253	1.0	1311
PHLDB1	Q86UU1	1132	0.0028005974607916	2.5527493092842954	0.2236948687818253	1.0	1377
PCLO	Q9Y6V0	3834	0.0028327058239621	2.547798524548965	0.2236948687818253	1.0	5142
U2SURP	O15042	290	0.0028360748723766	2.547282307963308	0.2236948687818253	1.0	1029
MYH9	P35579	1579	0.0028451429345617	2.5458959105932997	0.2236948687818253	1.0	1960
EPB41L1	Q9H4G0	399	0.0028884421781203	2.5393363218994884	0.2263890168970814	1.0	881
DNAH8	Q96JB1	2612	0.0029008171122603	2.537479651286935	0.2263890168970814	1.0	4490
EIF5B	O60841	702	0.0029174180117576	2.5350013400954743	0.2265940138142747	1.0	1220
NCKAP5	O14513	1885	0.0029620226383158	2.5284116265514545	0.2296882242990654	1.0	1909
FRYL	O94915	731	0.0029898345624875	2.5243528419720764	0.2296882242990654	1.0	3013
GABBR1	Q9UBS5	287	0.0030557677616501	2.5148796552227957	0.2311153846153846	1.0	961
ZBTB20	Q9HC78	632	0.0030557677616501	2.5148796552227957	0.2311153846153846	1.0	741
FBN3	Q75N90	1706	0.0030657748049052	2.513459749213835	0.2312519572953736	1.0	2809
ABCA3	Q99758	1237	0.0030959752321981	2.5092025223311087	0.2312519572953736	1.0	1704
SACS	Q9NZJ4	1052	0.0031403874989698	2.5030167601174997	0.2312519572953736	1.0	4579
LOC400499	M0QZD8	1521	0.0031421838177533	2.502768412325698	0.2312519572953736	1.0	3266
TEK	Q02763	737	0.0032151561770755	2.4927979262561792	0.2331049840933191	1.0	1124
LRRK2	Q5S007	1554	0.0032324419629738	2.4904692639375905	0.2340340089316386	1.0	2527
SRCAP	Q6ZRS2	848	0.0032378580323785	2.4897421973078737	0.2340340089316386	1.0	3230
ASPM	Q8IZT6	965	0.0032398195267125	2.489479181378536	0.2340340089316386	1.0	3477
GALNS	P34059	296	0.0032613335610005	2.486604780374204	0.2340340089316386	1.0	522
SCRIB	Q14160	1506	0.0032883147386964	2.483026620956403	0.2340340089316386	1.0	1655
PNPLA7	Q6ZV29	300	0.0032894736842105	2.482873583608757	0.2340340089316386	1.0	1317
ADGRB3	O60242	462	0.0033594624860022	2.473730204168889	0.2377028221693301	1.0	1522
SYNE1	Q8NF91	3760	0.0033827161147799	2.4707344476621578	0.2400308001339136	1.0	8797
FAT2	Q9NYQ8	1440	0.0034171210880033	2.46633963140905	0.2408751664447403	1.0	4349
ZNF469	Q96JG9	2468	0.0034274390173226	2.4650302636503088	0.2408751664447403	1.0	3953
BRD4	O60885	297	0.0034798292664501	2.45844206365617	0.2414273362154971	1.0	1362
DNAH10	Q8IVF4	820	0.003488625394032	2.457345662262753	0.2422951146560319	1.0	4471
CELSR1	Q9NYQ6	2216	0.0034957667683806	2.4564575504610398	0.242808764940239	1.0	3014
USP9X	Q93008	1951	0.0035067212156633	2.4550987591574636	0.2438022486772487	1.0	2554
MYH11	P35749	538	0.0035661347440755	2.4478022513168893	0.2449248764415156	1.0	1972
TIE1	P35590	1116	0.0035833731485905	2.4457079649469913	0.2462228439763001	1.0	1138
EBF3	Q9H4W6	142	0.0036656891495601	2.4358443659844435	0.2513298326222514	1.0	596
C3orf20	Q8ND61	800	0.0036887641203016	2.4331191150433686	0.2519918672739102	1.0	904
SLX4	Q8IY92	694	0.00371343175437	2.4302245531602247	0.253062398440039	1.0	1834
THSD4	Q6ZMP0	768	0.0037453183520599	2.426511261364578	0.2546430659304969	1.0	1018
ABCA2	Q9BZC7	1825	0.0038009886993785	2.4201034215847033	0.2566737315350032	1.0	2435
TUBB3	Q13509	316	0.0038309516570386	2.4166933283650933	0.2576308037143772	1.0	450
DAPK1	P53355	1184	0.0038395352769737	2.415721337835494	0.2576308037143772	1.0	1430
MYO10	Q9HD67	1946	0.0038515162077378	2.414368270224879	0.2586123559539052	1.0	2058
TTN	Q8WZ42	16533	0.0038645999387462	2.4128954573440007	0.2621618425147837	1.0	34350
SPTBN2	O15020	269	0.0038697462097787	2.4123175164557322	0.2621618425147837	1.0	2390
FAM120A	Q9NZB2	143	0.0038862353452019	2.41047090264832	0.2621618425147837	1.0	1118
IGSF22	Q8N9C0	984	0.0039184952978056	2.4068806700491296	0.2621618425147837	1.0	1326
TNK2	Q07912	777	0.0039208364451082	2.406621273606062	0.2621618425147837	1.0	1038
GAS6	Q14393	635	0.0039425575965816	2.404221953371323	0.2621618425147837	1.0	678
KCNQ2	O43526	176	0.0039464411557434	2.4037943684512824	0.2621618425147837	1.0	872
MAST1	Q9Y2H9	230	0.0039623035667601	2.402052254613121	0.2621618425147837	1.0	1570
BRF1	Q92994	217	0.0039794632973241	2.4001754964509003	0.2627355320472931	1.0	677
MYO15A	Q9UKN7	1730	0.004080721018917	2.3892630950298157	0.2673125957707631	1.0	3530
PKP4	Q99569	206	0.0041039671682626	2.386796122238204	0.2679103701437748	1.0	1192
PTPRT	O14522	1140	0.0041039671682626	2.386796122238204	0.2679103701437748	1.0	1441
RNF17	Q9BXT8	540	0.0043290043290043	2.363611979892147	0.2819001512859304	1.0	1623
MAPKBP1	O60336	1225	0.0043290043290043	2.363611979892147	0.2819001512859304	1.0	1514
ITPR1	Q14643	2690	0.0043483636531284	2.361674143071744	0.2826225445754004	1.0	2758
DNAJC13	O75165	1019	0.004360465116279	2.3604671835158557	0.2826971599402093	1.0	2243
EPG5	Q9HCE0	2493	0.0043935281632549	2.3571865853530825	0.2826971599402093	1.0	2579
DAAM1	Q9Y4D1	70	0.0044031184622388	2.3562396300515935	0.2826971599402093	1.0	1078
CACNA1I	Q9P0X4	132	0.0044062777059097	2.3559281348875913	0.2826971599402093	1.0	2223
SYNGAP1	Q96PV0	283	0.0044271177481168	2.353878926930724	0.2838781287246722	1.0	1343
COL18A1	P39060	1374	0.0044291338582677	2.3536811941725584	0.2838781287246722	1.0	1754
PKD1	P98161	417	0.0045038485303001	2.346416223743078	0.2862761791753189	1.0	4303
DOCK7	Q96N67	291	0.0045045045045045	2.346352974450639	0.2868143534994068	1.0	2140
RYR1	P21817	298	0.0045056986997602	2.346237853314934	0.2877960272754225	1.0	5038
VPS13C	Q709C8	3089	0.004586747960653	2.3384951234618554	0.2890286873370037	1.0	3753
GRIN1	Q05586	612	0.0046252371916508	2.334865990841977	0.2890286873370037	1.0	938
AKAP9	Q99996	466	0.004644007778713	2.3331070614896	0.2890286873370037	1.0	3907
GNB1	P62873	55	0.0046620046620046	2.331427296520749	0.2890286873370037	1.0	340
CSNK2A1	P68400	197	0.0046620046620046	2.331427296520749	0.2890286873370037	1.0	391
PKHD1L1	Q86WI1	3964	0.0047004027264668	2.3278649304920886	0.2905070911722142	1.0	4243
H3C12	P68431	41	0.0047212807758794	2.3259401711872334	0.2908556165174704	1.0	136
H3C2	P68431	41	0.0047212807758794	2.3259401711872334	0.2908556165174704	1.0	136
H3C1	P68431	41	0.0047212807758794	2.3259401711872334	0.2908556165174704	1.0	136
H3C10	P68431	41	0.0047212807758794	2.3259401711872334	0.2908556165174704	1.0	136
H3C8	P68431	41	0.0047212807758794	2.3259401711872334	0.2908556165174704	1.0	136
H3C7	P68431	41	0.0047212807758794	2.3259401711872334	0.2908556165174704	1.0	136
H3C6	P68431	41	0.0047212807758794	2.3259401711872334	0.2908556165174704	1.0	136
H3C4	P68431	41	0.0047212807758794	2.3259401711872334	0.2908556165174704	1.0	136
H3C11	P68431	41	0.0047212807758794	2.3259401711872334	0.2908556165174704	1.0	136
H3C3	P68431	41	0.0047212807758794	2.3259401711872334	0.2908556165174704	1.0	136
NALCN	Q8IZF0	592	0.0047470061495306	2.323580205672523	0.2913094425483504	1.0	1738
PTPN14	Q15678	993	0.0047586270430183	2.3225183316598033	0.2913094425483504	1.0	1187
DENND4A	Q7Z401	1405	0.0048043925875085	2.3183615117557403	0.2934634353741496	1.0	1863
CSNK1E	P49674	270	0.0048159614723082	2.3173169960921918	0.2934634353741496	1.0	416
HTT	P42858	2899	0.0049978409549943	2.3012175684311322	0.2975811848601207	1.0	3142
MAGI2	Q86UL8	1210	0.0050167224080267	2.299579929268753	0.2978592855194982	1.0	1455
SHANK1	Q9Y566	653	0.0050420168067226	2.2973957110088947	0.2981387755102041	1.0	2161
KCND3	Q9UK17	363	0.0051319648093841	2.289716330306209	0.300782196969697	1.0	655
CREBBP	Q92793	1862	0.0051734945686241	2.286216002519292	0.302509301698571	1.0	2442
NEB	P20929	8071	0.0051843502024369	2.2853056695894476	0.3029601615074024	1.0	8525
LRP2	P98164	4283	0.005198534469747	2.2841190720206	0.3038821630347054	1.0	4655
EGFR	P00533	416	0.0052631578947368	2.2787536009528324	0.3054734878763656	1.0	1210
HSPG2	P98160	2101	0.0053138934294056	2.2745871596519707	0.3069577724993402	1.0	4391
COL6A2	P12110	742	0.0053153881683285	2.274465014638799	0.3069577724993402	1.0	1019
AGO1	Q9UL18	236	0.0053475935828877	2.271841606536499	0.3071203166226913	1.0	857
DOCK8	Q8NF50	86	0.0054202675592163	2.2659792749702454	0.3086791677369638	1.0	2099
TMEM94	Q12767	856	0.0054858934169279	2.2607526343708866	0.3086791677369638	1.0	1356
TRAPPC10	P48553	633	0.0054858934169279	2.2607526343708866	0.3086791677369638	1.0	1259
TCHH	Q07283	1435	0.0055106112824233	2.2588002229525066	0.3093039714867617	1.0	1943
DNAH11	Q96DT5	1780	0.0055290538485607	2.257349180359891	0.3098712140493764	1.0	4516
RERE	Q9P2R6	1425	0.0055891942244993	2.252650798388624	0.3122528330395366	1.0	1566
CPZ	Q66K79	548	0.0056433839516773	2.2484604011880083	0.314338028169014	1.0	652
PTPN11	Q06124	464	0.0058398220244716	2.2336003883272744	0.3196505402750491	1.0	593
SMARCA4	P51532	1227	0.0058524663965528	2.2326610712381023	0.3199136497064579	1.0	1647
VWF	P04275	419	0.0059431419209857	2.225983898756593	0.3217770716206307	1.0	2813
PCSK5	Q92824	233	0.0059612518628912	2.22466252884103	0.3232255069631077	1.0	1860
HELZ2	A0AAA9XBX5	2500	0.0059970014992503	2.222065842588592	0.3240876893014167	1.0	2649
MYBBP1A	Q9BQG0	902	0.006058370757202	2.2176441524492	0.3272237033446437	1.0	1328
SCN10A	Q9Y5Y9	1796	0.006058370757202	2.2176441524492	0.3272237033446437	1.0	1956
EYS	Q5T1H1	2478	0.0061647525434954	2.2100843515340016	0.3281265306122449	1.0	3165
RP1L1	Q8IWN7	1557	0.0061765911776764	2.2092511432235806	0.3281265306122449	1.0	2400
ADAMTS18	Q8TE60	579	0.0062632614975586	2.2031994556823853	0.3287789648622982	1.0	1221
PTPRF	P10586	441	0.006265664160401	2.203032887014711	0.3287789648622982	1.0	1907
CACNA1E	Q15878	1134	0.0064058567833447	2.193422775147438	0.3336374740723669	1.0	2313
FOCAD	Q5VW36	566	0.0065169869127828	2.185953151140647	0.3340285451197053	1.0	1801
KANSL1	Q7Z3B3	214	0.0065451145395044	2.184082748893293	0.3340357061112383	1.0	1105
MUC6	Q6W4X9	1959	0.0065593321407274	2.1831403774478666	0.3340357061112383	1.0	2439
LRBA	P50851	2354	0.0065752251495736	2.182089371424778	0.3349599633951041	1.0	2863
MED13L	Q71F56	866	0.0065934065934065	2.1808901419374562	0.3357457279562543	1.0	2210
QRICH2	Q9H0J4	515	0.0067214339058999	2.1725380675726855	0.3362186944937833	1.0	1663
CHD6	Q8TD26	1406	0.0067674261222648	2.169576476579674	0.3362186944937833	1.0	2715
PRKAR1B	P31321	306	0.0068376068376068	2.1650958747542206	0.3369784473279085	1.0	381
SVIL	O95425	2132	0.0069809160482267	2.156087584742658	0.3385050920910076	1.0	2214
GNAO1	P09471	42	0.0069930069930069	2.1553360374650676	0.3385050920910076	1.0	354
DSCAML1	Q8TD84	1092	0.0069944117754483	2.155248803462179	0.3385050920910076	1.0	2053
PIEZO1	Q92508	1206	0.0070338420703384	2.152807387049863	0.3393869150779895	1.0	2521
MUC21	Q5SSG8	132	0.0070564516129032	2.1514136321399233	0.3394811606756171	1.0	566
ASXL1	Q8IXJ9	1112	0.007063882063882	2.1509565601995746	0.3403059331175836	1.0	1541
BLTP1	Q2LD37	3112	0.0071143153132201	2.1478668903792393	0.3413494287561974	1.0	5005
WDFY4	Q6ZS81	2020	0.0071218092485822	2.1474096627029873	0.3421974137931035	1.0	3184
EIF3B	P55884	614	0.0071732664467519	2.1442830372525403	0.3424547012208181	1.0	814
SON	P18583	1246	0.0071882576626409	2.1433763640258405	0.3429914566424605	1.0	2426
GRIK3	Q13003	635	0.0072115384615384	2.141972075907084	0.3430317358892439	1.0	919
NSD1	Q96L73	2212	0.0072686608890131	2.1385455921781538	0.3433634635691658	1.0	2696
DAB2IP	Q5VWQ8	569	0.0073145245559038	2.1358138977625907	0.3440293001686341	1.0	1189
MYO5A	Q9Y4I1	1621	0.0076452599388379	2.11660774398825	0.3492136522994432	1.0	1855
EHMT1	Q9H9B1	1211	0.0076607387140902	2.115729349951665	0.349838371375694	1.0	1298
GRIA2	P42262	814	0.0078431372549019	2.1055101847699773	0.3548006443817962	1.0	883
ZNF483	Q8TF39	714	0.0078431372549019	2.1055101847699773	0.3548006443817962	1.0	744
SCN3A	Q9NY46	926	0.0078607111372318	2.104538162738565	0.3548006443817962	1.0	1951
DLGAP2	Q9P1A6	703	0.0078789135392908	2.103533665305078	0.3548006443817962	1.0	1054
LRP1	Q07954	4162	0.0079051383399209	2.1020905255118394	0.3561252481143311	1.0	4544
SVEP1	Q4LDE5	2142	0.0079646728683922	2.0988320571974035	0.3561252481143311	1.0	3571
TULP4	Q9NRJ4	301	0.0080143736817999	2.096130411820942	0.3561252481143311	1.0	1543
CFAP46	Q8IYW2	2372	0.0081845048301697	2.0870075906601175	0.3604265022509297	1.0	2715
KIF7	Q2M1P5	377	0.0081901644254029	2.08670737927397	0.3604703125	1.0	1343
COL27A1	Q8IZC6	206	0.0083017193264886	2.080831953807147	0.3646733902249806	1.0	1860
INTS1	Q8N201	1645	0.0084470878633581	2.073292988429747	0.3679150943396226	1.0	2190
COPA	P53621	94	0.0084745762711864	2.0718820073061273	0.369038298691301	1.0	1224
NRXN2	Q9P2S2	294	0.008504092200782	2.07037203986837	0.3695579751671442	1.0	1712
CELSR3	Q9NYQ7	2532	0.0085496232554913	2.0680530223088014	0.3695980834272829	1.0	3312
SIN3B	O75182	608	0.008695652173913	2.060697840353614	0.3695980834272829	1.0	1162
SECISBP2L	Q93073	786	0.0087668030391583	2.0571587504854234	0.3709545709478407	1.0	1101
DRD4	P21917	284	0.0087668030391583	2.0571587504854234	0.3709545709478407	1.0	419
PSME4	Q14997	421	0.0088642119618157	2.0523598676036503	0.3750553588070829	1.0	1843
MAP10	Q9P2G4	559	0.0089514066496163	2.0481087130455946	0.3769285970577682	1.0	905
COL16A1	Q07092	93	0.0090214155015333	2.044725314312338	0.3769285970577682	1.0	1604
MCF2L2	Q86YR7	842	0.0090744101633393	2.04218159451577	0.3769285970577682	1.0	1114
JPH3	Q8WXH2	164	0.009087958455047	2.0415336669747246	0.3769285970577682	1.0	748
MINK1	Q8N4C8	200	0.009087958455047	2.0415336669747246	0.3769285970577682	1.0	1332
SPTAN1	Q13813	27	0.0091603053435114	2.038090049608142	0.3769285970577682	1.0	2472
ZEB2	O60315	1025	0.0093984962406015	2.0269416279590295	0.3781912616248464	1.0	1214
CSMD1	Q96PZ7	614	0.0095885590567318	2.0182466525508245	0.380874349184311	1.0	3564
LAMA1	P25391	1337	0.0096141885389183	2.0170873653976185	0.3834355732594388	1.0	3075
USP35	Q9P2H5	442	0.0097089410588507	2.012828135424313	0.3852077922077921	1.0	1018
PPL	O60437	1416	0.0097677357141669	2.010206099619247	0.3886588215083318	1.0	1756
FOXG1	P55316	207	0.0098814229249011	2.005180512503784	0.3886588215083318	1.0	489
RTL1	A6NKG5	802	0.0102106869287794	1.9909450395641177	0.3909801929913661	1.0	1358
PTPRD	P23468	966	0.010230759815571	1.990092111013561	0.3914493384692681	1.0	1912
MYO7A	Q13402	1629	0.010230759815571	1.990092111013561	0.3914493384692681	1.0	2215
ZSWIM8	A7E2V4	965	0.0102951269732326	1.987368292714312	0.3914493384692681	1.0	1837
TMC5	Q6UXY8	865	0.0104166666666666	1.982271233039571	0.3915315389696169	1.0	1006
ARHGEF10L	Q9HCE6	861	0.0104315973881191	1.981649183066567	0.3915315389696169	1.0	1279
CNOT3	O75175	187	0.0104405398523045	1.981277044550685	0.3915315389696169	1.0	753
KIF18A	Q8NI77	797	0.010482180293501	1.9795483747040972	0.3915315389696169	1.0	898
CAND2	O75155	980	0.0106597522327859	1.9722528896044187	0.3924587051760506	1.0	1236
PTPN13	Q12923	2299	0.010676026275308	1.9715903660191092	0.3924587051760506	1.0	2485
ADAMTS9	Q9P2N4	749	0.0107724598999766	1.9676851138793068	0.3928708393056219	1.0	1935
TBL1XR1	Q9BZK7	231	0.0108359133126934	1.9651344779808313	0.3928708393056219	1.0	514
HEATR1	Q9H583	1851	0.0109146039089957	1.9619920202167538	0.3928708393056219	1.0	2144
MYOF	Q9NZM1	1970	0.0109146039089957	1.9619920202167538	0.3928708393056219	1.0	2061
CDON	Q4KMG0	1178	0.0109579100145137	1.960272270278441	0.3934561737200824	1.0	1287
CARD11	Q9BXL7	969	0.0111111111111111	1.9542425094393252	0.39494482971182	1.0	1154
SEMA5A	Q13591	456	0.0111318997450997	1.9534307136159363	0.39494482971182	1.0	1074
PCF11	O94913	380	0.0111650485436893	1.9521393843515613	0.39494482971182	1.0	1555
MACF1	Q9UPN3	4738	0.0112650467680952	1.948267000914539	0.39494482971182	1.0	5430
LMTK2	Q8IWU2	306	0.0113781136054122	1.9439297343090345	0.3960101554085244	1.0	1503
AGRN	O00468	1805	0.0115263969640448	1.9383064275860475	0.3985632236441194	1.0	2045
LOXHD1	Q8IVV2	1728	0.0115532248289243	1.9372967750856234	0.3990815953722028	1.0	2067
LRP6	O75581	360	0.0115973333484119	1.9356418594977238	0.4002960426179604	1.0	1613
NLRC5	Q86WI3	435	0.0116566610386194	1.9334258320956161	0.4023390499317044	1.0	1866
MYOM2	P54296	113	0.0118012740898641	1.9280711028356528	0.4039562131964366	1.0	1465
DOCK4	Q8N1I0	1242	0.0118296447334505	1.9270282978588695	0.404178313253012	1.0	1966
CNTNAP2	Q9UHC6	1153	0.0119210474887629	1.9236855819613519	0.405821954887218	1.0	1331
TRIP12	Q14669	606	0.0119352088661551	1.9231699764372934	0.4066467407629919	1.0	1992
MED12L	Q86YW9	1206	0.0119478722177372	1.9227094308141746	0.4074108992643747	1.0	2145
PTCH1	Q13635	880	0.012055205520552	1.9188253812483016	0.4084342026378896	1.0	1447
UBR5	O95071	1357	0.0121518188274283	1.9153587140329182	0.4107097255369928	1.0	2799
FN1	P02751	1813	0.012227602905569	1.9126586735377398	0.4113189205307887	1.0	2477
CNOT1	A5YKK6	1969	0.0123180291153415	1.909458773730323	0.4135499119201409	1.0	2376
FCGBP	A0A087WXI2	2132	0.012449314445659	1.9048545634810885	0.4135499119201409	1.0	4204
CARD14	Q9BXL6	318	0.0124889803114898	1.9034730190455	0.4135499119201409	1.0	1004
ACE	P12821	590	0.0126535922322239	1.8977861649889651	0.4148010752688172	1.0	1306
SIPA1L3	O60292	687	0.0128752109299483	1.8902456473382478	0.4188539854555824	1.0	1781
ZBTB18	Q99592	486	0.0129870129870129	1.8864907251724847	0.4188539854555824	1.0	522
RPTOR	Q8N122	293	0.013053613053613	1.8842692651785256	0.4188539854555824	1.0	1335
CIT	O14578	1356	0.0130884637526868	1.8831113254037508	0.4190134017678928	1.0	2027
RYR3	Q15413	2819	0.0131174746977175	1.8821497648389633	0.4203079224850384	1.0	4870
PTPRZ1	P23471	2050	0.0131827691599987	1.879993352671725	0.4210036858519989	1.0	2315
IRS1	P35568	593	0.0134200656352555	1.8722453601014846	0.4236693266134677	1.0	1242
NOL6	Q9H6R4	192	0.0134200656352555	1.8722453601014846	0.4236693266134677	1.0	1146
NOP14	P78316	831	0.0134200656352555	1.8722453601014846	0.4236693266134677	1.0	857
DLC1	Q96QB1	1351	0.0135767101811349	1.8672054526820454	0.4239335853131749	1.0	1528
PLXNB1	O43157	471	0.0135767101811349	1.8672054526820454	0.4239335853131749	1.0	2135
LAMB2	P55268	1148	0.0139491396640906	1.8554525773839463	0.4239335853131749	1.0	1798
SLCO2B1	O94956	550	0.0144203499280073	1.8410242007845006	0.4284883751477735	1.0	709
VPS13D	Q5THJ4	765	0.0144515716789909	1.8400849186932304	0.4284883751477735	1.0	4388
MGAM	O43451	2666	0.0147414467104607	1.8314598931704065	0.4284883751477735	1.0	2753
NF1	P21359	1976	0.014763779527559	1.8308024488922208	0.4284883751477735	1.0	2839
STK36	Q9NRP7	921	0.0148010065132265	1.8297087502619989	0.4298507540983606	1.0	1315
COL22A1	Q8NFW1	52	0.0148010065132265	1.8297087502619989	0.4298507540983606	1.0	1626
PLEKHG2	Q9H7P9	230	0.0148084125612215	1.8294914946761378	0.4299624493000131	1.0	1386
MYH10	P35580	434	0.0148084125612215	1.8294914946761378	0.4299624493000131	1.0	1976
CYLD	Q9NQC7	928	0.0151515151515151	1.81954393554187	0.4349543213080716	1.0	956
LAMC1	P11047	538	0.0153522059548804	1.8138292120305246	0.4354301408814786	1.0	1609
ABCC8	Q09428	562	0.0156394148398717	1.8057795004174082	0.4378856046065259	1.0	1581
FAT1	Q14517	2356	0.0157474354568873	1.8027901629923861	0.4400604283528811	1.0	4588
HCN2	Q9UL51	503	0.0158371040723981	1.8003242293348376	0.4407631077821505	1.0	889
PIEZO2	Q9H5I5	1126	0.0159004640512979	1.7985902007124357	0.441599517644072	1.0	2752
NBEAL2	Q6ZNJ1	1960	0.0161164107269611	1.7927316731414538	0.4451562460527978	1.0	2754
STAB1	Q9NY15	587	0.0161867086334994	1.7908414506676846	0.4465174110522332	1.0	2570
WDR90	Q96KV7	363	0.0162638220662788	1.7887773857261404	0.4469739726027397	1.0	1748
PLXNA1	Q9UIW2	1437	0.0163954417738519	1.7852768768072858	0.4469739726027397	1.0	1896
MYT1L	Q9UL68	735	0.0164705882352941	1.7832908900360551	0.4469739726027397	1.0	1186
ZC3H4	Q9UPT8	99	0.0166019547462846	1.7798407742764928	0.4477203379301777	1.0	1303
BCR	P11274	161	0.0166019547462846	1.7798407742764928	0.4477203379301777	1.0	1271
THSD7A	Q9UPZ6	570	0.0166640440597954	1.7782195947825428	0.4477338271604938	1.0	1657
CEP170B	Q9Y4F5	1190	0.0166847126029085	1.7776812697431368	0.4477338271604938	1.0	1554
CTCF	P49711	337	0.0167004048582996	1.7772730003737216	0.4477338271604938	1.0	727
SLC26A1	Q9H2B4	47	0.0171428571428571	1.7659167939666331	0.449961928004881	1.0	701
TIMELESS	Q9UNS1	482	0.017322883714158	1.7613798099572735	0.4517137148901163	1.0	1208
UPF2	Q9HAU5	861	0.0174088006298661	1.7592311483412197	0.4517137148901163	1.0	1272
TLN2	Q9Y4G6	1124	0.0174217304486416	1.758908710007363	0.4517137148901163	1.0	2542
PRPF8	Q6P2Q9	726	0.0174692049272116	1.7577268605340859	0.4517137148901163	1.0	2335
LAMA2	P24043	2909	0.0175335282424914	1.756130682761665	0.4517137148901163	1.0	3122
DNAH1	Q9P2D7	304	0.0176448794207502	1.7533813051182228	0.4517137148901163	1.0	4265
ZMYND8	Q9ULU4	346	0.0178571428571428	1.7481880270062018	0.4523517529602971	1.0	1186
DNAH9	Q9NYC9	3721	0.0178571428571428	1.7481880270062018	0.4523517529602971	1.0	4486
AHNAK	Q09666	2717	0.0178926441351888	1.7473254756166041	0.4550240434631834	1.0	5890
KIF19	Q2TAC6	358	0.018257697325129	1.73855399690305	0.4568378255430456	1.0	998
USH2A	O75445	1058	0.0182648401826484	1.738384123512156	0.4568830668027674	1.0	5202
KCNT1	Q5JUK3	910	0.0183198005836794	1.7370792580633103	0.4572670518921368	1.0	1230
TRAF7	Q6Q0C0	501	0.0183634345676521	1.7360460881522133	0.4573640688717716	1.0	670
TCOF1	Q13428	734	0.0185361808003317	1.731979743125966	0.4588408834798287	1.0	1488
MAPK8IP3	Q9UPT6	806	0.0187319258115718	1.7274175709245931	0.4591618451915559	1.0	1336
CACNA1G	O43497	1810	0.0188532096825503	1.7246147022880784	0.4596278966131907	1.0	2377
MCC	P23508	29	0.0190847127555988	1.7193143722408029	0.4631914964108227	1.0	829
USP15	Q9Y4E8	265	0.0192307692307692	1.7160033436348	0.4637824986241056	1.0	981
MYOM1	P52179	662	0.019298535839821	1.7144756392205893	0.4648530540629454	1.0	1685
SPTBN5	Q9NRC6	1334	0.0193548387096774	1.7132104434506294	0.4652024599978229	1.0	3674
PTPRM	P28827	434	0.0195627157652474	1.7085708550703926	0.4662411869935809	1.0	1452
TRPM6	Q9BX84	403	0.0196738633477266	1.706110349493417	0.4662411869935809	1.0	2022
ATP1A3	P13637	826	0.0197628458498023	1.7041505168398006	0.4662411869935809	1.0	1013
ABCC5	O15440	134	0.0198202919100534	1.7028899535847577	0.4662411869935809	1.0	1437
C3	P01024	313	0.0199614079446403	1.6998088297308445	0.4662411869935809	1.0	1663
ABCB9	Q9NP78	115	0.0201048951048951	1.6966981884394126	0.4662411869935809	1.0	766
CAPN12	Q6ZSI9	98	0.0201048951048951	1.6966981884394126	0.4662411869935809	1.0	719
PIDD1	Q9HB75	135	0.0202422557087921	1.6937410932504375	0.4662411869935809	1.0	910
KCNB1	Q14721	305	0.020242914979757	1.6937269489236488	0.4662411869935809	1.0	858
TIAM2	Q8IVF5	386	0.0202891746527195	1.692735619356998	0.4662411869935809	1.0	1701
PLXNB2	O15031	381	0.0203716374556199	1.69097406136022	0.4662411869935809	1.0	1838
RIC1	Q4ADV7	850	0.0204549462175983	1.6892016580590803	0.4667542827115082	1.0	1423
PLCG1	P19174	557	0.0207188644688644	1.683634050491479	0.4681408173823073	1.0	1290
CACNA1B	Q00975	1584	0.0207226339343812	1.6835550447536913	0.4681408173823073	1.0	2339
UBASH3A	P57075	125	0.0210240247027889	1.677284141833089	0.4692232198142415	1.0	661
SLC4A11	Q8NBS3	402	0.0210458847975916	1.6768328112020574	0.4692589764754437	1.0	875
SNX29	Q8TEQ0	13	0.0211275873809775	1.6751500934328272	0.4704350602533731	1.0	813
LTBP3	Q9NS15	1255	0.0212112672087026	1.6734333849814436	0.4706512704454274	1.0	1303
KAT2A	Q92830	540	0.0212121212121212	1.6734158998636308	0.4707375510204081	1.0	837
CDYL	Q9Y232	46	0.0213371266002844	1.6708640659641447	0.4707375510204081	1.0	598
MICAL3	Q7RTP6	478	0.0213379182275907	1.670847953532522	0.4707375510204081	1.0	2002
DNAJC6	O75061	128	0.0213613671274961	1.6703709559071676	0.4707375510204081	1.0	913
MKI67	P46013	1518	0.0225563909774436	1.6467303862474234	0.4826091410559496	1.0	3256
FLNB	O75369	2199	0.0225852108636828	1.6461758503535777	0.4832361097453044	1.0	2602
CDH3	P22223	453	0.0227392913802221	1.6432230732654534	0.4834538930397168	1.0	829
FRY	Q5TBA9	172	0.0227829487974383	1.6423900658769763	0.4839173301877518	1.0	3013
EGR3	Q06889	318	0.0228340131009763	1.641417754105692	0.4857534380181411	1.0	387
TNC	P24821	1191	0.023008689117879	1.6381081238384834	0.4868520537278566	1.0	2201
FLII	Q13045	613	0.0230629624459025	1.6370849081742596	0.4869899931992616	1.0	1269
MDN1	Q9NU22	4289	0.0236686390532544	1.6258267132857118	0.4926786629949672	1.0	5596
TLE4	Q04727	738	0.0238095238095238	1.6232492903979006	0.4926786629949672	1.0	773
EEF1A2	Q05639	200	0.0238714374869981	1.6221214279193485	0.4928995160831198	1.0	463
PCNT	O95613	2863	0.0238907849829351	1.6217695803398535	0.494312858621014	1.0	3336
MYO9B	Q13459	1846	0.0239437252444169	1.6208082796926828	0.494312858621014	1.0	2157
KIF21A	Q7Z4S6	1494	0.0240430233376803	1.6190109220139761	0.494312858621014	1.0	1674
ATP8B3	O60423	588	0.0240430233376803	1.6190109220139761	0.494312858621014	1.0	1300
TNRC18	O15417	1012	0.0242214532871972	1.6157998027422915	0.4948529957336301	1.0	2968
RABL6	Q3YEC7	144	0.0242548217416715	1.6152019128290083	0.4948529957336301	1.0	729
MUC17	Q685J3	2601	0.0243055555555555	1.614294447744975	0.4948529957336301	1.0	4493
APOB	P04114	1398	0.0246575342465753	1.6080503550171505	0.4972358473338203	1.0	4563
PLXNA4	Q9HCM2	418	0.0246976978528796	1.607343526756007	0.4972358473338203	1.0	1894
CHTF18	Q8WVB6	402	0.0249475981401627	1.60297126024843	0.4982975618598749	1.0	975
MYO1H	A0A140TA25	969	0.0251930825088604	1.598718690989955	0.5004562083258245	1.0	1038
CAPN15	O75808	791	0.0253855592473977	1.595413264586203	0.5035426889106968	1.0	1086
MUC16	Q8WXI7	5075	0.0255387071029529	1.5928010926742442	0.5089351318841825	1.0	14507
CLCN4	P51793	318	0.0256410256410256	1.5910646070265	0.5089351318841825	1.0	760
ACTG1	P63261	13	0.0256410256410256	1.5910646070265	0.5089351318841825	1.0	375
OTOG	Q6ZRI0	1731	0.0257510729613733	1.5892046706423768	0.5089351318841825	1.0	2925
CMYA5	Q8N3K9	3970	0.025830258302583	1.5878712508601494	0.5123878756742871	1.0	4069
LOXL2	Q9Y4K0	412	0.0262590789368664	1.5807205112873524	0.5203419891801914	1.0	774
SPTA1	P02549	1570	0.0272727272727272	1.5642714304385639	0.5263371634931057	1.0	2419
SMG6	Q86US8	1146	0.0273312475276009	1.5633405445975743	0.5270008206138191	1.0	1419
CAPN10	Q9HC96	443	0.0274310257496502	1.56175795218097	0.5270765640353751	1.0	672
EPPK1	P58107	590	0.0276497695852534	1.5583084834648868	0.5283727955584585	1.0	5088
ZFHX4	Q86UP3	545	0.0276679841897233	1.5580224811615615	0.5295577549690452	1.0	3616
LYST	Q99698	3365	0.0277777777777777	1.5563025007672884	0.5327229620006495	1.0	3801
BEND3	Q5T5X7	594	0.0277777777777777	1.5563025007672884	0.5331903872696273	1.0	828
TACC2	O95359	2593	0.0277777777777777	1.5563025007672884	0.5327229620006495	1.0	2948
NCOR2	Q9Y618	527	0.0283018867924528	1.5481846105451083	0.5357356385945343	1.0	2514
NISCH	Q9Y2I1	925	0.0289522296692174	1.5383179847603794	0.5371731944226853	1.0	1504
CDH23	Q9H251	197	0.0299625468164793	1.5234212743726332	0.5411772951324707	1.0	3354
NLRP1	Q9C000	910	0.0301625232248955	1.52053233067984	0.5416528818223514	1.0	1473
DST	Q03001	4138	0.0301724137931034	1.5203899448766436	0.5445130619684083	1.0	5375
TENM2	Q9NT68	759	0.0303030303030303	1.5185139398778875	0.5445130619684083	1.0	2774
LRP1B	Q9NZR2	867	0.0304054054054054	1.5170492016196138	0.5457145675265553	1.0	4599
CEP295	Q9C0D2	385	0.03125	1.505149978319906	0.5533690546967895	1.0	2601
COL7A1	Q02388	795	0.03125	1.505149978319906	0.5533690546967895	1.0	2944
ATP1A1	P05023	896	0.0315315315315315	1.5012549344363824	0.5541447066656803	1.0	1023
ACACB	O00763	2452	0.0319148936170212	1.4960065988800373	0.5598374926600117	1.0	2458
ANK2	Q01484	2849	0.032258064516129	1.491361693834273	0.5652235122307412	1.0	3957
PLCH2	O75038	487	0.0324143993868764	1.4892620211189804	0.5669564111877952	1.0	2832
DCHS2	Q6V1P9	983	0.0324324324324324	1.4890204780193708	0.5677089378990133	1.0	3371
TG	P01266	1487	0.0325581395348837	1.487340419901349	0.5705861819758619	1.0	2768
SDK1	Q7Z5N4	2009	0.0325581395348837	1.487340419901349	0.5705861819758619	1.0	2213
FAT4	Q6V0I7	2423	0.0327102803738317	1.485315733334935	0.5721722370605645	1.0	3222
MEGF8	Q7Z7M0	505	0.0328638497652582	1.4832815634244811	0.5727225059339711	1.0	2845
BIRC6	Q9NR09	1737	0.0328947368421052	1.4828735836087545	0.5733010092455361	1.0	4857
IQSEC2	Q5JU85	755	0.0333333333333333	1.4771212547196628	0.5733010092455361	1.0	1488
FBN2	P35556	2912	0.0333333333333333	1.4771212547196628	0.5733010092455361	1.0	2912
MAMDC4	Q6UXC1	767	0.0339402290112405	1.4692852316122589	0.5774555765595464	1.0	1216
APC2	O95996	498	0.0341463414634146	1.4666558210414977	0.5792259855635757	1.0	2303
TENM4	Q6N022	2491	0.0344827586206896	1.4623979978989567	0.584226912747056	1.0	2769
DDB1	Q16531	1112	0.0346938775510204	1.4597471586502397	0.5850591748099891	1.0	1140
ROCK2	O75116	1325	0.0346938775510204	1.4597471586502397	0.5850591748099891	1.0	1388
NOS3	P29474	407	0.0348737227713393	1.457501689195536	0.5850591748099891	1.0	1203
DNAAF5	Q86Y56	165	0.0353614397207175	1.4514700612484919	0.5863019286338284	1.0	855
BRD10	Q5HYC2	1535	0.036036036036036	1.4432629874586955	0.5894322618812857	1.0	2103
EIF3G	O75821	193	0.0361197110423116	1.4422557327004906	0.5908875320070909	1.0	320
EVPL	Q92817	709	0.0363636363636363	1.4393326938302635	0.5935551073519844	1.0	2033
GRIK5	Q16478	528	0.0363710038863682	1.4392447116949918	0.593561801382697	1.0	980
PHRF1	Q9P1Y6	450	0.0368098159509202	1.4340363540203147	0.5946290508517997	1.0	1649
HERC1	Q15751	4486	0.037037037037037	1.4313637641589878	0.594768068833652	1.0	4861
BRCA2	P51587	2254	0.0371900826446281	1.4295728565411063	0.5967817258883249	1.0	3418
NOP53	Q9NZM5	360	0.0375809435707678	1.4250323199663797	0.5992554762956884	1.0	478
SPTBN4	Q9H254	1170	0.0376344086021505	1.42441490420366	0.6003266284128885	1.0	2564
TRPM2	O94759	1337	0.0377054137114023	1.4235962896829908	0.6015223307086613	1.0	1503
LRP4	O75096	830	0.0377611042306181	1.42295531431432	0.602220615964802	1.0	1905
BRAF	P15056	239	0.0379588431590656	1.4206870316844167	0.602220615964802	1.0	766
YLPM1	P49750	1397	0.0382165605095541	1.4177484020255906	0.6073633866133865	1.0	2146
TRIOBP	Q9H2D6	923	0.0382513661202185	1.4173530497161735	0.6082750698540826	1.0	2365
HECTD4	J3KPF0	40	0.0382775119617224	1.4170562991191114	0.6086529273424929	1.0	4416
KMT2D	O14686	2991	0.0383480825958702	1.4162563458962456	0.6095759788879342	1.0	5537
P2RY11	Q96G91	111	0.0386966187518765	1.412326981274521	0.6120553085216544	1.0	374
DCHS1	Q96JQ0	1135	0.0391304347826087	1.407485326578268	0.6126818044931639	1.0	3298
RFX3	P48380	170	0.0396825396825396	1.401400540781545	0.6150921940062166	1.0	749
IGLL5	B9A064	61	0.0398052510693311	1.4000596324487584	0.6150921940062166	1.0	214
KCNMA1	Q12791	371	0.0398293029871977	1.3997972936776049	0.6150921940062166	1.0	1236
CELSR2	Q9HCU4	1067	0.04	1.3979400086720375	0.6150921940062166	1.0	2923
RIF1	Q5UIP0	406	0.0402298850574712	1.3954512082683435	0.6172676897844424	1.0	2472
TEP1	Q99973	334	0.0404624277456647	1.392948063114539	0.6185872221575701	1.0	2627
NAV2	Q8IVL1	1112	0.0405405405405405	1.392110465011314	0.6200603976418911	1.0	2488
NRAP	Q86VF7	302	0.0405405405405405	1.392110465011314	0.6200603976418911	1.0	1730
SPTB	P11277	1159	0.0406976744186046	1.3904304068932927	0.6212900040422706	1.0	2137
NAV3	Q8IVL0	52	0.0408163265306122	1.389166084364533	0.6223756534727408	1.0	2385
PRX	Q9BXM0	1416	0.0408163265306122	1.389166084364533	0.6223756534727408	1.0	1461
PRRC2A	P48634	1442	0.0414201183431952	1.3827886645994174	0.6260573640782187	1.0	2157
HUWE1	Q7Z6Z7	3609	0.0416857580802004	1.380012296192754	0.6270849746764209	1.0	4374
CNNM2	Q9H8M5	552	0.0418118466898954	1.3787006506863682	0.6304095691102406	1.0	875
HIVEP2	P31629	998	0.0419161676646706	1.377618431133327	0.6304095691102406	1.0	2446
ZNF142	P52746	322	0.0424223174543086	1.3724056104510622	0.6316490153897072	1.0	1687
SPG11	Q96JI7	800	0.0425531914893617	1.3710678622717363	0.6316490153897072	1.0	2443
DNAH2	Q9P225	1238	0.0426229508196721	1.3703564870399494	0.6316490153897072	1.0	4427
HYDIN	Q4G0P3	2493	0.0432900432900432	1.3636119798921453	0.6343055100927442	1.0	5121
SETD1A	O15047	1197	0.0435954650397905	1.360558685287121	0.6370390463777561	1.0	1707
STAB2	Q8WWQ8	850	0.0444444444444444	1.352182518111363	0.639375412629113	1.0	2551
ZFHX2	Q9C0A1	2427	0.0446927374301676	1.3497630439879496	0.640334314395333	1.0	2572
RGMA	Q96B86	386	0.0455643972885352	1.3413743700628118	0.6427317811169804	1.0	450
H4C1	P62805	59	0.0458077733015931	1.339060818600131	0.6427317811169804	1.0	103
H4C15	P62805	59	0.0458077733015931	1.339060818600131	0.6427317811169804	1.0	103
H4C3	P62805	59	0.0458077733015931	1.339060818600131	0.6427317811169804	1.0	103
H4C4	P62805	59	0.0458077733015931	1.339060818600131	0.6427317811169804	1.0	103
H4C9	P62805	59	0.0458077733015931	1.339060818600131	0.6427317811169804	1.0	103
H4C13	P62805	59	0.0458077733015931	1.339060818600131	0.6427317811169804	1.0	103
H4C16	P62805	59	0.0458077733015931	1.339060818600131	0.6427317811169804	1.0	103
H4C12	P62805	59	0.0458077733015931	1.339060818600131	0.6427317811169804	1.0	103
H4C5	P62805	59	0.0458077733015931	1.339060818600131	0.6427317811169804	1.0	103
H4C6	P62805	59	0.0458077733015931	1.339060818600131	0.6427317811169804	1.0	103
H4C8	P62805	59	0.0458077733015931	1.339060818600131	0.6427317811169804	1.0	103
H4C14	P62805	59	0.0458077733015931	1.339060818600131	0.6427317811169804	1.0	103
H4C11	P62805	59	0.0458077733015931	1.339060818600131	0.6427317811169804	1.0	103
H4C2	P62805	59	0.0458077733015931	1.339060818600131	0.6427317811169804	1.0	103
LTBP4	Q8N2S1	1086	0.0461538461538461	1.3357921019231935	0.6430611233198753	1.0	1624
FBXO38	Q6PIJ6	1054	0.0462641114768218	1.3347557742383058	0.6446054282944748	1.0	1188
TCF20	Q9UGU0	1888	0.0463576158940397	1.333878907278913	0.6453585635078081	1.0	1960
MYH7B	A7E2Y1	1009	0.0467836257309941	1.3299061234002107	0.6475296130428219	1.0	1941
VWDE	Q8N2E2	707	0.046875	1.3290587192642247	0.6487687252295189	1.0	1590
PCNX3	Q9H6A9	1373	0.0476190476190476	1.3222192947339193	0.6512110073612964	1.0	2034
CYFIP2	Q96F07	846	0.0476216146282559	1.322195883768306	0.6512110073612964	1.0	1278
SPEN	Q96T58	3492	0.0478260869565217	1.3203351508593681	0.6524481810594531	1.0	3664
SCN7A	Q01118	415	0.0479999999999999	1.3187587626244137	0.6527920639506886	1.0	1682
ARHGEF17	Q96PE2	1640	0.0481283422459893	1.317599097097174	0.6527920639506886	1.0	2063
KALRN	O60229	1776	0.0483870967741935	1.315270434778592	0.6527920639506886	1.0	2986
IFT140	Q96RY7	502	0.048780487804878	1.3117538610557546	0.6545380533511809	1.0	1462
EP400	Q96L91	989	0.0490196078431372	1.3096301674258992	0.6568248955167173	1.0	3123
NCOR1	O75376	566	0.0492957746478873	1.3071903043687998	0.6619786614025193	1.0	2440
LAMB1	P07942	1721	0.0499999999999999	1.3010299956639821	0.6649471782040589	1.0	1786
ZNF335	Q9H4Z2	1310	0.0499999999999999	1.3010299956639821	0.6649471782040589	1.0	1342
TANC2	Q9HCD6	1159	0.0508474576271186	1.293730756922482	1.0	1.0	1990
KMT2B	Q9UMN6	2090	0.0508474576271186	1.293730756922482	1.0	1.0	2715
RTF1	Q92541	548	0.0512091038406827	1.2906528242525375	1.0	1.0	710
MIA3	Q5JRA6	80	0.0512820512820512	1.2900346113625187	1.0	1.0	1907
CIC	Q96RK0	1163	0.0518518518518518	1.2852357284807496	1.0	1.0	2517
CUL9	Q8IWT3	1566	0.0526315789473684	1.278753600952829	1.0	1.0	2517
UBR4	Q5T4S7	1867	0.0533333333333333	1.2730012720637378	1.0	1.0	5183
KIDINS220	Q9ULH0	1331	0.0535714285714285	1.2710667722865385	1.0	1.0	1771
MYH6	P13533	1605	0.0538461538461538	1.2688453122925802	1.0	1.0	1939
CABIN1	Q9Y6J0	121	0.0538461538461538	1.2688453122925802	1.0	1.0	2220
CGN	Q9P2M7	212	0.0545454545454545	1.2632414347745817	1.0	1.0	1203
FAM193A	P78312	937	0.0545454545454545	1.2632414347745817	1.0	1.0	1265
PIKFYVE	Q9Y2I7	1057	0.0550184001051752	1.2594920427285317	1.0	1.0	2098
ARHGAP21	Q5T5U3	121	0.055045871559633	1.2592752475569802	1.0	1.0	1958
MYH3	P11055	1042	0.0551181102362204	1.2587056809417005	1.0	1.0	1940
AHDC1	Q5TGY3	494	0.0555555555555555	1.2552725051033065	1.0	1.0	1603
HIVEP1	P15822	2396	0.056701030927835	1.2464090447720013	1.0	1.0	2718
ZNF236	Q9UL36	1495	0.056910569105691	1.2448070714251416	1.0	1.0	1845
MAST2	Q6P0Q8	105	0.056910569105691	1.2448070714251416	1.0	1.0	1798
DOCK3	Q8IZD9	1535	0.0573770491803278	1.241261790660492	1.0	1.0	2030
TMEM131	Q92545	1016	0.0576923076923076	1.2388820889151375	1.0	1.0	1883
NHSL1	Q5SYE7	1240	0.0578512396694214	1.2376873303021938	1.0	1.0	1610
OTOP3	Q7RTS5	91	0.0582805429864253	1.2344764106613177	1.0	1.0	578
NCKAP1	Q9Y2A7	361	0.0582805429864253	1.2344764106613177	1.0	1.0	1128
BRWD1	Q9NSI6	276	0.0588235294117647	1.2304489213782739	1.0	1.0	2320
GSE1	Q14687	12	0.0588235294117647	1.2304489213782739	1.0	1.0	1217
UNC79	Q9P2D8	815	0.0588235294117647	1.2304489213782739	1.0	1.0	2635
TNS1	Q9HBL0	1759	0.059322033898305	1.2267839672918692	1.0	1.0	1839
EFCAB6	Q5THR3	646	0.059322033898305	1.2267839672918692	1.0	1.0	1501
CSPG4	Q6UVK1	1266	0.0595238095238095	1.225309281725863	1.0	1.0	2322
KAT6A	Q92794	1068	0.0598290598290598	1.223087821731905	1.0	1.0	2004
RUSC2	Q8N2Y8	814	0.06	1.2218487496163564	1.0	1.0	1516
OPA1	O60313	647	0.0612737254601373	1.2127257136358383	1.0	1.0	960
ARFGEF2	Q9Y6D5	815	0.0614035087719298	1.211806811322216	1.0	1.0	1785
ARHGEF28	Q8N1W1	1509	0.0615384615384615	1.2108533653148934	1.0	1.0	1705
USP7	Q93009	122	0.0624195624195624	1.2046792801986508	1.0	1.0	1102
PLIN4	Q96Q06	1044	0.0631578947368421	1.1995723549052042	1.0	1.0	1371
RBBP6	Q7Z6E9	1071	0.0642201834862385	1.192328457926367	1.0	1.0	1792
ARHGEF40	Q8TER5	1460	0.0642201834862385	1.192328457926367	1.0	1.0	1519
NOTCH1	P46531	2411	0.0643274853801169	1.1916034252339291	1.0	1.0	2555
POLR2A	A0A6Q8PGB0	1132	0.0650675049270308	1.1866358463658515	1.0	1.0	1970
CUX2	O14529	186	0.0652173913043478	1.1856365769619117	1.0	1.0	1486
KIAA1549	Q9HCM3	799	0.0652173913043478	1.1856365769619117	1.0	1.0	1950
RBL1	P28749	785	0.0671064543018221	1.1732357073591455	1.0	1.0	1068
BCL9	O00512	25	0.0673076923076923	1.1719352992845236	1.0	1.0	1426
IGDCC4	Q8TDY8	1011	0.0673076923076923	1.1719352992845236	1.0	1.0	1250
GIGYF1	O75420	207	0.0679611650485437	1.1677391846909153	1.0	1.0	1035
GAPVD1	Q14C86	1274	0.0681818181818181	1.1663314217665255	1.0	1.0	1478
CADPS	Q9ULU8	898	0.0689655172413793	1.161368002234975	1.0	1.0	1353
DOCK1	Q14185	1176	0.0693069306930693	1.1592233337683857	1.0	1.0	1865
PIK3CA	P42336	616	0.0695187165775401	1.1578982542296623	1.0	1.0	1068
ETV6	P41212	407	0.07	1.154901959985743	1.0	1.0	452
REST	Q13127	501	0.072289156626506	1.1409268419924306	1.0	1.0	1097
CTNND2	Q9UQB3	1048	0.072289156626506	1.1409268419924306	1.0	1.0	1225
PDE3A	Q14432	365	0.074074074074074	1.1303337684950066	1.0	1.0	1141
PGAP6	Q9HCN3	48	0.0747344421810963	1.126479202711036	1.0	1.0	771
ZFYVE28	Q9HCC9	624	0.075	1.1249387366083	1.0	1.0	887
DOT1L	Q8TEK3	340	0.0769230769230769	1.113943352306837	1.0	1.0	1537
ZC3H13	Q5T200	31	0.0775862068965517	1.1102154797875938	1.0	1.0	1668
GREB1L	Q9C091	1328	0.08	1.0969100130080565	1.0	1.0	1923
INPPL1	O15357	906	0.0804597701149425	1.0944212126043618	1.0	1.0	1258
ATN1	P54259	350	0.0823529411764705	1.0843208857000364	1.0	1.0	1190
XPO1	O14980	518	0.0830039525691699	1.080901226441899	1.0	1.0	1071
SRGAP3	O43295	518	0.0833333333333333	1.079181246047625	1.0	1.0	1099
RNF216	Q9NWF9	343	0.0833333333333333	1.079181246047625	1.0	1.0	866
POM121L2	Q96KW2	456	0.0853658536585365	1.0687158123694602	1.0	1.0	1035
SPG7	Q9UQ90	428	0.0855617328635316	1.0677204283379014	1.0	1.0	795
SYMPK	Q92797	110	0.0857142857142857	1.0669467896306133	1.0	1.0	1274
ARHGEF1	Q92888	682	0.0857142857142857	1.0669467896306133	1.0	1.0	912
ADAMTS2	O95450	844	0.0869565217391304	1.0606978403536118	1.0	1.0	1211
RFWD3	Q6PCD5	71	0.0874999999999999	1.0579919469776873	1.0	1.0	774
ZCCHC14	Q8WYQ9	731	0.0886075949367088	1.052529051276185	1.0	1.0	949
CDK12	Q9NYV4	655	0.0895522388059701	1.047923552317183	1.0	1.0	1490
MYBPC1	Q00872	665	0.0909090909090909	1.0413926851582251	1.0	1.0	1141
DIS3L2	Q8IYB7	165	0.09375	1.0280287236002434	1.0	1.0	885
ADNP	Q9H2P0	4	0.0999999999999999	1.0000000000000004	1.0	1.0	1102
PUF60	Q9UHX1	245	0.1	1.0	1.0	1.0	559
SRRM3	A0A087WXA3	485	0.1016949152542372	0.9927007612585009	1.0	1.0	653
MEF2C	Q06413	9	0.1031991744066047	0.9863237770507656	1.0	1.0	473
MAP3K12	Q12852	192	0.1034482758620689	0.9852767431792939	1.0	1.0	859
PHC3	Q8NDX5	681	0.1044776119402985	0.9809767626865696	1.0	1.0	983
LRP10	Q7Z4F1	353	0.111111111111111	0.9542425094393253	1.0	1.0	713
STRN4	Q9NRL3	40	0.1147540983606557	0.9402317949965103	1.0	1.0	753
KCNQ5	Q9NR82	338	0.1153846153846153	0.9378520932511558	1.0	1.0	932
PATL1	Q86TB9	510	0.1176470588235294	0.9294189257142927	1.0	1.0	770
LMNB2	Q03252	437	0.125	0.9030899869919435	1.0	1.0	620
PHF2	O75151	293	0.1320754716981132	0.8791778295865322	1.0	1.0	1096
TRIM41	Q8WV44	463	0.1489361702127659	0.8269998179214608	1.0	1.0	630
SCARA3	Q6AZY7	52	0.1621621621621621	0.7900504736833516	1.0	1.0	606
KIF5A	Q12840	645	0.1666666666666666	0.7781512503836439	1.0	1.0	1032
SMC1A	Q14683	1058	0.1818181818181818	0.7403626894942439	1.0	1.0	1233
